region_id,estimation_id,name,time
354,0,memory,2.736363636363636e-07
329,0,memory,2.7694545454545452e-05
63,0,memory,0.03918064272727273
